城市,月份,AQI,范围,质量等级,PM2.5,PM10,NO2,CO,SO2,O3
北京,2014-01,125,26~402,轻度污染,94,123,65.0,51.0,1.948,37
北京,2014-02,184,33~428,中度污染,148,155,69.0,56.0,2.171,42
北京,2014-03,130,35~319,轻度污染,94,138,62.0,34.0,1.39,83
北京,2014-04,127,65~279,轻度污染,89,145,57.0,16.0,0.927,129
北京,2014-05,107,46~205,轻度污染,61,118,47.0,15.0,0.839,149
北京,2014-06,116,50~179,轻度污染,54,74,39.0,6.0,0.79,168
北京,2014-07,140,39~252,轻度污染,89,100,39.0,6.0,0.939,170
北京,2014-08,120,46~200,轻度污染,62,88,43.0,5.0,0.839,172
北京,2014-09,99,43~200,良,65,88,49.0,6.0,0.983,106
北京,2014-10,154,28~381,中度污染,118,148,70.0,9.0,1.339,54
北京,2014-11,117,29~342,轻度污染,86,127,65.0,16.0,1.567,37
北京,2014-12,86,21~267,良,58,95,53.0,28.0,1.552,42
北京,2015-01,126,28~378,轻度污染,97,120,66.0,34.0,1.91,39
北京,2015-02,127,36~334,轻度污染,93,114,51.0,26.0,1.457,60
北京,2015-03,127,40~281,轻度污染,86,146,53.0,20.0,1.194,87
北京,2015-04,107,38~212,轻度污染,71,118,43.0,9.0,0.76,124
北京,2015-05,105,42~203,轻度污染,55,97,37.0,8.0,0.745,153
北京,2015-06,111,35~231,轻度污染,60,70,35.0,6.0,1.303,156
北京,2015-07,122,41~200,轻度污染,61,74,35.0,4.0,0.823,177
北京,2015-08,104,37~202,轻度污染,45,66,31.0,3.0,0.79,159
北京,2015-09,83,34~201,良,50,59,43.0,5.0,0.837,109
北京,2015-10,106,27~344,轻度污染,74,86,55.0,6.0,0.955,74
北京,2015-11,153,37~450,中度污染,119,85,62.0,12.0,1.983,25
北京,2015-12,187,23~485,中度污染,152,172,76.0,20.0,2.865,26
北京,2016-01,97,32~316,良,68,88,53.0,20.0,1.584,42
北京,2016-02,71,34~238,良,44,59,35.0,15.0,0.903,68
北京,2016-03,132,37~365,轻度污染,93,136,57.0,18.0,1.229,79
北京,2016-04,106,43~209,轻度污染,69,118,44.0,10.0,0.803,116
北京,2016-05,111,49~234,轻度污染,54,90,38.0,8.0,0.665,160
北京,2016-06,126,50~189,轻度污染,59,70,35.0,5.0,0.767,183
北京,2016-07,118,40~177,轻度污染,69,74,33.0,3.0,0.916,159
北京,2016-08,94,34~179,良,47,60,35.0,3.0,0.832,135
北京,2016-09,86,0~211,良,55,73,43.0,3.0,0.76,104
北京,2016-10,116,29~292,轻度污染,85,101,56.0,4.0,1.155,47
北京,2016-11,133,28~315,轻度污染,100,134,68.0,11.0,1.797,28
北京,2016-12,168,54~431,中度污染,133,159,80.0,17.0,2.51,28
北京,2017-01,146,34~470,轻度污染,116,131,65.0,18.0,2.203,41
北京,2017-02,100,36~305,良,71,84,53.0,18.0,1.318,65
北京,2017-03,94,40~273,良,63,84,50.0,11.0,0.913,86
北京,2017-04,87,38~174,良,53,104,48.0,7.0,0.693,101
北京,2017-05,134,53~500,轻度污染,48,104,37.0,7.0,0.674,161
北京,2017-06,125,50~200,轻度污染,42,75,38.0,6.0,0.783,184
北京,2017-07,118,38~208,轻度污染,52,71,34.0,3.0,0.894,174
北京,2017-08,85,34~162,良,38,56,35.0,3.0,0.803,131
北京,2017-09,98,36~189,良,58,100,49.0,4.0,0.913,123
北京,2017-10,84,25~221,良,57,63,46.0,3.0,0.923,47
北京,2017-11,75,30~201,良,46,73,49.0,5.0,0.903,44
北京,2017-12,81,23~254,良,44,68,49.0,8.0,1.09,25
北京,2018-01,64,28~176,良,34,65,39.0,7.0,0.768,48
北京,2018-02,80,32~218,良,50,72,31.0,9.0,0.786,70
北京,2018-03,115,0~283,轻度污染,82,104,53.0,9.0,1.003,81
北京,2018-04,98,36~256,良,59,108,38.0,6.0,0.673,115
北京,2018-05,91,0~169,良,45,85,36.0,4.0,0.648,134
北京,2018-06,111,44~190,轻度污染,43,67,32.0,4.0,0.7,168
北京,2018-07,89,28~156,良,44,48,24.0,3.0,0.787,135
北京,2018-08,83,35~152,良,31,46,26.0,3.0,0.745,133
北京,2018-09,60,30~132,良,28,45,34.0,3.0,0.543,93
北京,2018-10,74,26~203,良,42,59,45.0,4.0,0.668,70
北京,2018-11,108,39~270,轻度污染,71,104,60.0,7.0,1.07,37
北京,2018-12,71,0~232,良,38,73,46.0,7.0,0.835,40
北京,2019-01,81,30~267,良,51,80,50.0,9.0,0.997,44
北京,2019-02,80,32~180,良,53,72,35.0,6.0,0.807,65
北京,2019-03,85,39~233,良,52,80,39.0,5.0,0.635,86
北京,2019-04,84,39~171,良,48,91,34.0,4.0,0.547,103
北京,2019-05,93,47~195,良,37,78,34.0,4.0,0.503,143
北京,2019-06,121,36~193,轻度污染,39,60,27.0,4.0,0.713,179
北京,2019-07,108,33~173,轻度污染,37,50,27.0,3.0,0.661,159
北京,2019-08,72,28~150,良,23,37,26.0,3.0,0.571,118
北京,2019-09,97,33~178,良,36,58,33.0,3.0,0.67,151
北京,2019-10,68,23~163,良,40,66,41.0,3.0,0.681,42
北京,2019-11,76,30~183,良,44,78,48.0,5.0,0.797,32
北京,2019-12,73,28~233,良,44,60,46.0,4.0,0.845,37
北京,2020-01,86,30~221,良,59,65,40.0,6.0,0.955,53
北京,2020-02,89,34~257,良,62,57,27.0,4.0,0.883,66
北京,2020-03,63,36~153,良,35,53,25.0,4.0,0.484,84
北京,2020-04,75,42~202,良,31,67,22.0,4.0,0.403,119
北京,2020-05,85,36~204,良,36,62,23.0,4.0,0.603,124
北京,2020-06,116,60~202,轻度污染,32,67,23.0,3.0,0.567,174
北京,2020-07,99,48~152,良,41,47,21.0,3.0,0.671,150
北京,2020-08,80,27~135,良,28,41,22.0,3.0,0.645,131
北京,2020-09,56,22~158,良,24,35,26.0,3.0,0.537,96
北京,2020-10,72,26~185,良,42,70,41.0,3.0,0.561,60
北京,2020-11,66,26~140,良,37,62,42.0,3.0,0.653,41
北京,2020-12,56,27~97,良,28,56,38.0,5.0,0.619,40
北京,2021-01,72,30~176,良,33,55,31.0,4.0,0.69,49
北京,2021-02,94,36~257,良,61,75,28.0,4.0,0.804,73
北京,2021-03,149,34~500,轻度污染,64,66,35.0,3.0,0.703,71
北京,2021-04,71,41~187,良,29,59,27.0,3.0,0.437,106
北京,2021-05,84,38~253,良,18,49,21.0,3.0,0.419,122
北京,2021-06,85,36~191,良,19,43,19.0,3.0,0.533,139
北京,2021-07,71,29~125,良,16,32,14.0,2.0,0.574,121
北京,2021-08,72,38~125,良,18,36,15.0,3.0,0.594,124
北京,2021-09,57,25~108,良,18,36,21.0,3.0,0.63,99
北京,2021-10,50,20~153,优,25,43,30.0,3.0,0.471,58
北京,2021-11,75,29~193,良,44,65,36.0,3.0,0.643,42
北京,2021-12,55,28~123,良,27,52,36.0,3.0,0.581,40
北京,2022-01,68,29~198,良,45,52,34.0,3.0,0.742,45
北京,2022-02,47,35~84,优,22,37,20.0,3.0,0.436,72
北京,2022-03,70,36~205,良,39,72,27.0,3.0,0.526,80
北京,2022-04,74,38~128,良,34,75,22.0,3.0,0.453,115
北京,2022-05,86,36~178,良,21,50,17.0,3.0,0.355,138
北京,2022-06,102,44~205,轻度污染,23,46,14.0,3.0,0.563,158
北京,2022-07,86,45~161,良,19,35,15.0,3.0,0.468,142
北京,2022-08,67,26~120,良,19,34,15.0,3.0,0.465,115
北京,2022-09,91,33~157,良,30,62,24.0,3.0,0.51,145
北京,2022-10,65,23~142,良,40,69,29.0,3.0,0.461,67
北京,2022-11,71,24~156,良,45,75,32.0,3.0,0.55,46
北京,2022-12,57,28~500,良,21,62,24.0,2.0,0.329,51
北京,2023-01,61,29~117,良,32,68,26.0,3.0,0.429,54
北京,2023-02,80,26~186,良,54,81,36.0,3.0,0.575,59
北京,2023-03,117,40~500,轻度污染,60,147,32.0,3.0,0.519,93
北京,2023-04,105,33~475,轻度污染,43,132,23.0,3.0,0.34,97
北京,2023-05,91,37~170,良,31,72,20.0,3.0,0.452,138
北京,2023-06,112,49~203,轻度污染,20,45,19.0,3.0,0.39,170
北京,2023-07,93,19~181,良,19,36,15.0,3.0,0.458,147
北京,2023-08,71,30~123,良,22,38,15.0,3.0,0.494,122
北京,2023-09,70,29~118,良,29,48,22.0,3.0,0.52,115
北京,2023-10,64,29~178,良,36,67,31.0,3.0,0.519,79
北京,2023-11,56,25~170,良,29,60,27.0,2.0,0.44,51
北京,2023-12,68,16~173,良,41,80,39.0,3.0,0.661,20
北京,2024-01,61,28~124,良,37,61,37.0,3.0,0.59,46
北京,2024-02,61,32~144,良,39,61,22.0,3.0,0.5,72
北京,2024-03,78,37~199,良,43,96,28.0,3.0,0.494,83
北京,2024-04,76,27~145,良,40,88,27.0,3.0,0.503,108
北京,2024-05,93,33~179,良,29,67,21.0,3.0,0.435,144
北京,2024-06,122,51~182,轻度污染,28,63,19.0,3.0,0.477,178
北京,2024-07,89,35~155,良,27,40,13.0,3.0,0.535,145
北京,2024-08,67,33~117,良,16,28,14.0,3.0,0.503,118
北京,2024-09,48,23~94,优,17,31,18.0,3.0,0.473,85
北京,2024-10,66,28~203,良,42,66,30.0,3.0,0.565,66
北京,2024-11,130,130~130,轻度污染,99,136,34.0,3.0,0.9,82
广州,2014-01,120,59~207,轻度污染,90,117,1.371,22.0,74.0,91
广州,2014-02,63,12~145,良,46,61,0.971,12.0,44.0,59
广州,2014-03,77,28~172,良,55,79,1.129,17.0,57.0,62
广州,2014-04,69,48~108,良,49,69,0.967,19.0,54.0,79
广州,2014-05,52,33~102,良,33,49,0.961,16.0,43.0,66
广州,2014-06,71,34~142,良,34,53,0.887,15.0,38.0,109
广州,2014-07,84,29~191,良,35,55,0.755,16.0,35.0,133
广州,2014-08,76,26~186,良,31,49,0.777,15.0,34.0,123
广州,2014-09,75,23~148,良,36,56,0.843,16.0,35.0,124
广州,2014-10,96,52~139,良,59,85,0.945,17.0,49.0,148
广州,2014-11,70,15~125,良,50,67,1.08,16.0,48.0,83
广州,2014-12,76,28~142,良,55,82,1.232,19.0,41.0,60
广州,2015-01,81,22~176,良,60,85,1.261,20.0,65.0,70
广州,2015-02,75,28~147,良,55,75,1.079,12.0,49.0,67
广州,2015-03,49,17~90,优,33,49,1.023,10.0,45.0,39
广州,2015-04,71,21~170,良,38,60,1.04,14.0,45.0,99
广州,2015-05,47,28~99,优,27,42,0.845,12.0,42.0,72
广州,2015-06,52,28~89,良,21,36,0.74,11.0,31.0,94
广州,2015-07,65,38~159,良,28,45,0.81,9.0,32.0,104
广州,2015-08,89,49~200,良,39,60,0.884,13.0,39.0,131
广州,2015-09,80,45~157,良,42,65,0.9,11.0,44.0,117
广州,2015-10,71,30~131,良,45,77,0.919,12.0,53.0,95
广州,2015-11,65,33~95,良,38,67,1.013,14.0,50.0,66
广州,2015-12,69,33~166,良,41,64,1.09,12.0,50.0,39
广州,2016-01,65,29~153,良,35,54,1.097,9.0,49.0,37
广州,2016-02,58,30~130,良,36,53,0.866,9.0,40.0,62
广州,2016-03,78,30~175,良,47,71,1.068,13.0,61.0,65
广州,2016-04,66,45~129,良,38,55,1.053,13.0,51.0,47
广州,2016-05,65,33~147,良,31,51,0.926,11.0,38.0,96
广州,2016-06,60,36~120,良,23,41,0.85,9.0,33.0,97
广州,2016-07,74,28~202,良,27,45,0.877,12.0,33.0,113
广州,2016-08,82,25~197,良,37,56,0.894,14.0,40.0,125
广州,2016-09,76,38~201,良,36,57,0.903,12.0,41.0,107
广州,2016-10,51,33~85,良,30,48,0.89,11.0,35.0,79
广州,2016-11,76,33~166,良,41,69,1.017,14.0,62.0,78
广州,2016-12,86,37~128,良,51,83,1.103,14.0,71.0,84
广州,2017-01,81,40~205,良,54,76,1.229,12.0,65.0,79
广州,2017-02,74,33~122,良,44,62,0.95,13.0,59.0,93
广州,2017-03,81,48~109,良,41,66,1.003,12.0,66.0,59
广州,2017-04,83,45~181,良,34,61,0.86,12.0,58.0,92
广州,2017-05,90,43~201,良,34,56,0.897,12.0,52.0,129
广州,2017-06,56,40~117,良,18,35,0.777,10.0,39.0,86
广州,2017-07,66,33~151,良,21,36,0.823,12.0,42.0,96
广州,2017-08,73,28~152,良,23,39,0.803,11.0,39.0,114
广州,2017-09,97,36~204,良,34,55,0.97,12.0,51.0,141
广州,2017-10,66,29~122,良,32,49,0.91,11.0,42.0,113
广州,2017-11,67,36~108,良,39,59,1.0,11.0,51.0,70
广州,2017-12,81,35~126,良,51,76,1.042,16.0,65.0,47
广州,2018-01,89,34~183,良,58,75,1.032,13.0,68.0,61
广州,2018-02,66,24~180,良,42,54,0.711,9.0,41.0,77
广州,2018-03,77,34~133,良,40,59,0.765,12.0,56.0,97
广州,2018-04,73,35~141,良,37,63,0.753,11.0,50.0,88
广州,2018-05,71,39~150,良,22,38,0.648,9.0,36.0,114
广州,2018-06,67,37~137,良,20,33,0.67,8.0,36.0,100
广州,2018-07,57,30~133,良,17,32,0.639,7.0,33.0,90
广州,2018-08,67,35~118,良,23,38,0.739,7.0,41.0,105
广州,2018-09,71,28~134,良,27,42,0.677,8.0,39.0,117
广州,2018-10,79,41~147,良,35,55,0.765,10.0,48.0,108
广州,2018-11,67,35~99,良,39,59,0.857,8.0,51.0,78
广州,2018-12,57,27~113,良,32,49,0.874,7.0,45.0,52
广州,2019-01,73,38~122,良,48,69,1.187,7.0,54.0,64
广州,2019-02,49,25~97,优,26,42,0.954,5.0,35.0,52
广州,2019-03,67,38~101,良,29,52,0.877,6.0,52.0,69
广州,2019-04,62,43~89,良,24,42,0.807,6.0,47.0,73
广州,2019-05,62,37~168,良,21,37,0.735,6.0,39.0,92
广州,2019-06,64,36~135,良,16,30,0.683,5.0,34.0,101
广州,2019-07,59,28~142,良,19,36,0.648,6.0,32.0,98
广州,2019-08,83,24~167,良,23,41,0.732,6.0,36.0,130
广州,2019-09,99,29~166,良,30,54,0.753,7.0,41.0,153
广州,2019-10,101,50~164,轻度污染,39,66,0.826,8.0,42.0,154
广州,2019-11,91,38~142,良,42,84,0.827,9.0,57.0,142
广州,2019-12,82,42~122,良,42,85,0.984,10.0,68.0,86
广州,2020-01,62,25~122,良,29,53,0.926,6.0,44.0,80
广州,2020-02,50,20~92,优,24,35,0.734,5.0,30.0,81
广州,2020-03,55,35~79,良,21,39,0.726,6.0,39.0,66
广州,2020-04,81,38~201,良,27,53,0.807,8.0,48.0,109
广州,2020-05,66,34~137,良,18,37,0.71,6.0,33.0,114
广州,2020-06,52,32~100,良,12,26,0.63,6.0,28.0,85
广州,2020-07,64,30~158,良,12,28,0.584,6.0,24.0,110
广州,2020-08,76,27~161,良,18,33,0.635,7.0,31.0,122
广州,2020-09,68,34~164,良,21,38,0.81,7.0,39.0,108
广州,2020-10,66,36~140,良,28,50,0.777,8.0,33.0,113
广州,2020-11,73,34~125,良,32,62,0.827,9.0,44.0,114
广州,2020-12,60,29~110,良,35,63,0.906,9.0,45.0,78
广州,2021-01,77,37~170,良,45,87,0.842,10.0,58.0,93
广州,2021-02,72,20~127,良,28,47,0.725,8.0,31.0,116
广州,2021-03,62,33~120,良,29,60,0.803,8.0,42.0,85
广州,2021-04,73,34~200,良,25,52,0.803,7.0,37.0,109
广州,2021-05,57,30~153,良,16,35,0.639,7.0,26.0,104
广州,2021-06,58,27~122,良,15,30,0.65,7.0,25.0,102
广州,2021-07,71,25~126,良,16,33,0.642,7.0,24.0,121
广州,2021-08,57,32~139,良,15,31,0.655,7.0,29.0,101
广州,2021-09,83,34~163,良,22,40,0.73,7.0,31.0,137
广州,2021-10,54,20~103,良,20,36,0.713,7.0,27.0,92
广州,2021-11,57,31~81,良,25,51,0.633,8.0,39.0,93
广州,2021-12,58,33~88,良,31,57,0.771,8.0,43.0,79
广州,2022-01,55,24~100,良,31,53,0.961,7.0,40.0,67
广州,2022-02,36,19~117,优,16,25,0.793,6.0,23.0,60
广州,2022-03,62,27~120,良,24,45,0.79,7.0,37.0,99
广州,2022-04,68,29~155,良,21,42,0.7,7.0,30.0,109
广州,2022-05,60,28~150,良,18,33,0.703,6.0,29.0,99
广州,2022-06,41,25~82,优,11,24,0.6,6.0,23.0,74
广州,2022-07,77,23~167,良,17,32,0.606,6.0,22.0,125
广州,2022-08,59,22~124,良,14,26,0.626,6.0,23.0,102
广州,2022-09,103,28~161,轻度污染,31,53,0.757,7.0,30.0,161
广州,2022-10,85,32~144,良,25,49,0.635,7.0,28.0,141
广州,2022-11,52,25~127,良,23,39,0.757,5.0,33.0,79
广州,2022-12,46,22~69,优,26,43,0.668,6.0,28.0,71
广州,2023-01,49,22~92,优,29,44,0.71,6.0,22.0,70
广州,2023-02,63,26~119,良,31,53,0.771,6.0,37.0,94
广州,2023-03,74,28~145,良,30,59,0.729,6.0,39.0,104
广州,2023-04,58,29~147,良,23,43,0.727,6.0,32.0,91
广州,2023-05,63,28~142,良,22,40,0.665,5.0,26.0,108
广州,2023-06,60,27~153,良,15,27,0.68,5.0,22.0,104
广州,2023-07,60,28~123,良,13,25,0.594,6.0,19.0,107
广州,2023-08,58,32~148,良,16,29,0.665,6.0,23.0,104
广州,2023-09,56,24~133,良,16,28,0.647,6.0,24.0,97
广州,2023-10,58,22~135,良,23,37,0.697,6.0,26.0,101
广州,2023-11,69,23~132,良,31,58,0.7,6.0,41.0,111
广州,2023-12,57,25~95,良,31,55,0.758,7.0,42.0,46
广州,2024-01,63,25~114,良,35,59,0.8,6.0,42.0,91
广州,2024-02,39,20~69,优,20,31,0.7,5.0,19.0,61
广州,2024-03,53,28~87,良,25,47,0.748,6.0,34.0,75
广州,2024-04,48,29~104,优,19,33,0.68,5.0,29.0,75
广州,2024-05,67,28~154,良,18,32,0.655,6.0,28.0,109
广州,2024-06,40,28~75,优,12,23,0.6,5.0,22.0,76
广州,2024-07,48,25~95,优,11,22,0.594,5.0,19.0,89
广州,2024-08,67,34~120,良,19,32,0.648,5.0,26.0,114
广州,2024-09,62,21~127,良,17,29,0.66,6.0,24.0,109
广州,2024-10,68,43~111,良,22,38,0.661,7.0,21.0,120
广州,2024-11,65,65~65,良,25,40,0.7,8.0,16.0,118
库尔勒,2014-01,131,100~173,轻度污染,89,186,25.0,1.416,35.0,66
库尔勒,2014-02,126,52~228,轻度污染,67,200,14.0,0.689,25.0,87
库尔勒,2014-03,234,85~446,重度污染,91,348,18.0,0.611,30.0,106
库尔勒,2014-04,156,60~484,中度污染,60,239,11.0,0.586,27.0,109
库尔勒,2014-05,186,52~421,中度污染,69,280,21.0,0.619,23.0,107
库尔勒,2014-06,90,49~326,良,37,123,25.0,0.743,23.0,113
库尔勒,2014-07,89,48~264,良,38,108,22.0,0.587,23.0,117
库尔勒,2014-08,80,57~159,良,39,105,9.0,0.942,27.0,113
库尔勒,2014-09,134,50~406,轻度污染,66,193,10.0,1.637,35.0,93
库尔勒,2014-10,119,40~378,轻度污染,57,181,10.0,1.89,41.0,78
库尔勒,2014-11,87,31~180,良,46,123,8.0,1.64,38.0,59
库尔勒,2014-12,110,40~196,轻度污染,73,142,12.0,2.139,44.0,51
库尔勒,2015-01,100,38~148,良,74,104,13.0,1.952,42.0,58
库尔勒,2015-02,107,69~342,轻度污染,49,149,10.0,1.486,27.0,71
库尔勒,2015-03,197,71~497,中度污染,59,285,8.0,1.474,26.0,88
库尔勒,2015-04,123,59~369,轻度污染,43,177,4.0,1.231,25.0,105
库尔勒,2015-05,87,48~172,良,39,122,5.0,0.729,19.0,106
库尔勒,2015-06,70,48~123,良,29,79,9.0,1.14,19.0,108
库尔勒,2015-07,77,50~125,良,27,74,6.0,1.171,22.0,121
库尔勒,2015-08,90,47~343,良,39,117,6.0,1.306,25.0,103
库尔勒,2015-09,68,42~203,良,27,83,7.0,0.883,24.0,90
库尔勒,2015-10,138,48~500,轻度污染,58,194,9.0,1.148,34.0,74
库尔勒,2015-11,85,50~134,良,50,115,8.0,1.56,38.0,57
库尔勒,2015-12,73,28~127,良,53,69,9.0,1.2,32.0,44
库尔勒,2016-01,103,59~193,轻度污染,64,128,11.0,1.4,36.0,53
库尔勒,2016-02,308,86~500,严重污染,89,456,17.0,1.759,30.0,62
库尔勒,2016-03,329,130~500,严重污染,131,637,12.0,0.939,29.0,79
库尔勒,2016-04,120,54~322,轻度污染,46,180,7.0,0.683,24.0,97
库尔勒,2016-05,185,44~500,中度污染,66,311,8.0,0.881,21.0,91
库尔勒,2016-06,77,48~317,良,29,94,8.0,0.71,22.0,103
库尔勒,2016-07,73,46~155,良,33,90,4.0,0.9,22.0,101
库尔勒,2016-08,66,41~150,良,33,80,4.0,0.868,25.0,91
库尔勒,2016-09,73,44~120,良,29,96,7.0,0.977,30.0,86
库尔勒,2016-10,110,38~223,轻度污染,41,169,7.0,1.603,30.0,67
库尔勒,2016-11,103,46~181,轻度污染,50,154,8.0,1.46,41.0,57
库尔勒,2016-12,100,63~132,良,73,121,9.0,1.6,38.0,44
库尔勒,2017-01,79,43~138,良,49,94,11.0,1.594,33.0,52
库尔勒,2017-02,158,48~500,中度污染,53,245,12.0,1.943,32.0,68
库尔勒,2017-03,159,53~500,中度污染,68,267,9.0,1.665,32.0,83
库尔勒,2017-04,75,37~254,良,33,96,6.0,1.05,23.0,90
库尔勒,2017-05,74,46~134,良,37,96,9.0,1.184,17.0,102
库尔勒,2017-06,73,43~214,良,34,92,6.0,1.317,18.0,102
库尔勒,2017-07,78,50~147,良,33,99,7.0,1.432,18.0,106
库尔勒,2017-08,71,51~124,良,27,85,5.0,1.513,22.0,106
库尔勒,2017-09,95,54~230,良,40,138,5.0,1.557,29.0,98
库尔勒,2017-10,115,67~251,轻度污染,48,178,7.0,1.613,34.0,88
库尔勒,2017-11,106,64~183,轻度污染,52,163,11.0,1.83,47.0,76
库尔勒,2017-12,104,42~275,轻度污染,60,142,9.0,1.777,39.0,33
库尔勒,2018-01,76,0~143,良,35,108,8.0,1.41,29.0,57
库尔勒,2018-02,77,0~126,良,41,110,7.0,1.411,29.0,70
库尔勒,2018-03,33,0~263,优,12,46,7.0,0.652,21.0,83
库尔勒,2018-04,34,0~190,优,15,49,6.0,0.38,14.0,90
库尔勒,2018-05,25,0~93,优,11,29,6.0,0.294,12.0,95
库尔勒,2018-06,47,0~77,优,16,44,5.0,0.363,14.0,104
库尔勒,2018-07,57,0~104,良,16,50,5.0,0.271,12.0,107
库尔勒,2018-08,58,47~91,良,17,57,5.0,0.397,13.0,95
库尔勒,2018-09,45,0~112,优,18,56,7.0,0.563,16.0,84
库尔勒,2018-10,77,58~108,良,29,103,6.0,0.561,24.0,75
库尔勒,2018-11,47,0~104,优,19,62,6.0,0.643,23.0,64
库尔勒,2018-12,59,0~150,良,27,89,6.0,0.768,23.0,55
库尔勒,2019-01,132,72~248,轻度污染,81,197,6.0,1.245,26.0,69
库尔勒,2019-02,195,61~500,中度污染,57,286,6.0,0.618,19.0,76
库尔勒,2019-03,197,60~500,中度污染,69,317,5.0,0.574,26.0,100
库尔勒,2019-04,103,52~208,轻度污染,37,153,5.0,0.453,19.0,94
库尔勒,2019-05,109,50~390,轻度污染,42,143,6.0,0.455,17.0,102
库尔勒,2019-06,98,45~500,良,30,112,5.0,0.59,16.0,113
库尔勒,2019-07,87,56~168,良,35,114,6.0,0.594,16.0,114
库尔勒,2019-08,89,51~430,良,37,114,5.0,0.681,18.0,109
库尔勒,2019-09,73,49~153,良,27,93,5.0,0.64,23.0,102
库尔勒,2019-10,99,44~222,良,39,147,4.0,0.584,26.0,80
库尔勒,2019-11,121,57~378,轻度污染,53,179,6.0,0.663,34.0,72
库尔勒,2019-12,84,59~110,良,50,116,4.0,0.906,34.0,62
库尔勒,2020-01,72,37~94,良,49,78,6.0,0.848,24.0,68
库尔勒,2020-02,146,49~402,轻度污染,57,199,9.0,0.628,10.0,86
库尔勒,2020-03,202,62~500,重度污染,85,357,5.0,0.506,14.0,94
库尔勒,2020-04,165,46~500,中度污染,80,298,5.0,0.457,20.0,97
库尔勒,2020-05,100,57~500,轻度污染,43,136,5.0,0.468,12.0,110
库尔勒,2020-06,87,50~500,良,30,107,5.0,0.457,15.0,114
库尔勒,2020-07,69,45~239,良,23,71,3.0,0.494,15.0,105
库尔勒,2020-08,62,47~102,良,20,54,6.0,0.735,11.0,103
库尔勒,2020-09,78,43~180,良,33,104,4.0,0.59,20.0,95
库尔勒,2020-10,105,55~168,轻度污染,42,160,5.0,0.568,32.0,80
库尔勒,2020-11,95,56~154,良,42,139,6.0,0.693,39.0,70
库尔勒,2020-12,75,52~105,良,48,93,5.0,0.713,32.0,54
库尔勒,2021-01,115,39~273,轻度污染,24,63,5.0,0.729,32.0,64
库尔勒,2021-02,112,68~220,轻度污染,24,70,5.0,0.625,26.0,85
库尔勒,2021-03,196,41~500,中度污染,2,8,3.0,0.442,23.0,86
库尔勒,2021-04,112,46~500,轻度污染,20,56,4.0,0.353,22.0,106
库尔勒,2021-05,99,47~408,良,10,34,5.0,0.374,20.0,109
库尔勒,2021-06,65,49~85,良,17,48,5.0,0.337,17.0,113
库尔勒,2021-07,71,50~96,良,20,65,4.0,0.345,17.0,116
库尔勒,2021-08,73,49~126,良,14,44,5.0,0.348,17.0,116
库尔勒,2021-09,86,50~378,良,20,63,5.0,0.35,22.0,107
库尔勒,2021-10,115,40~500,轻度污染,23,106,4.0,0.458,27.0,86
库尔勒,2021-11,228,45~500,重度污染,72,344,5.0,0.47,34.0,64
库尔勒,2021-12,100,72~188,轻度污染,54,142,4.0,0.632,38.0,60
库尔勒,2022-01,88,68~114,良,56,120,4.0,0.606,39.0,79
库尔勒,2022-02,136,55~395,轻度污染,47,204,4.0,0.375,25.0,85
库尔勒,2022-03,135,47~330,轻度污染,45,206,3.0,0.41,23.0,95
库尔勒,2022-04,135,50~500,轻度污染,51,212,2.0,0.427,20.0,104
库尔勒,2022-05,92,45~499,良,36,113,2.0,0.39,13.0,109
库尔勒,2022-06,69,48~87,良,21,68,3.0,0.34,15.0,115
库尔勒,2022-07,110,57~411,轻度污染,35,137,4.0,0.235,14.0,120
库尔勒,2022-08,69,47~96,良,21,66,4.0,0.235,11.0,112
库尔勒,2022-09,91,53~500,良,30,103,5.0,0.22,9.0,114
库尔勒,2022-10,104,40~398,轻度污染,38,146,5.0,0.239,13.0,88
库尔勒,2022-11,107,42~500,轻度污染,42,177,7.0,0.343,22.0,80
库尔勒,2022-12,125,71~179,轻度污染,53,199,11.0,0.613,37.0,59
库尔勒,2023-01,165,77~500,中度污染,63,257,6.0,0.713,36.0,71
库尔勒,2023-02,121,61~240,轻度污染,47,187,4.0,0.55,34.0,89
库尔勒,2023-03,178,73~500,中度污染,60,286,4.0,0.448,28.0,99
库尔勒,2023-04,233,54~500,重度污染,83,404,4.0,0.283,16.0,99
库尔勒,2023-05,74,48~173,良,24,81,3.0,0.281,13.0,116
库尔勒,2023-06,78,66~92,良,23,72,4.0,0.297,13.0,131
库尔勒,2023-07,77,54~135,良,25,82,5.0,0.281,14.0,123
库尔勒,2023-08,74,58~99,良,23,75,7.0,0.342,19.0,121
库尔勒,2023-09,68,40~179,良,24,82,8.0,0.317,19.0,98
库尔勒,2023-10,90,56~146,良,33,128,4.0,0.442,33.0,87
库尔勒,2023-11,127,44~389,轻度污染,50,188,4.0,0.547,38.0,71
库尔勒,2023-12,140,51~406,轻度污染,48,208,4.0,0.623,37.0,40
库尔勒,2024-01,90,33~129,良,48,131,5.0,0.787,39.0,69
库尔勒,2024-02,211,54~500,重度污染,60,358,4.0,0.469,19.0,78
库尔勒,2024-03,183,49~474,中度污染,57,270,5.0,0.387,23.0,95
库尔勒,2024-04,112,43~500,轻度污染,37,149,5.0,0.283,16.0,105
库尔勒,2024-05,102,50~413,轻度污染,42,143,6.0,0.258,15.0,111
库尔勒,2024-06,76,50~159,良,23,79,4.0,0.233,15.0,121
库尔勒,2024-07,73,56~98,良,22,69,4.0,0.258,15.0,121
库尔勒,2024-08,63,47~96,良,22,69,5.0,0.261,16.0,109
库尔勒,2024-09,78,44~134,良,28,101,7.0,0.287,18.0,101
库尔勒,2024-10,81,50~125,良,27,111,4.0,0.371,29.0,92
库尔勒,2024-11,78,78~78,良,26,106,3.0,0.4,32.0,94
拉萨,2014-01,51,33~74,良,24,53,11.0,19.0,1.503,84
拉萨,2014-02,63,41~172,良,23,76,9.0,15.0,1.086,93
拉萨,2014-03,57,42~76,良,21,52,9.0,13.0,0.977,103
拉萨,2014-04,75,63~92,良,29,77,12.0,15.0,1.177,127
拉萨,2014-05,80,48~115,良,25,61,13.0,15.0,1.152,135
拉萨,2014-06,71,43~106,良,21,50,11.0,16.0,0.733,124
拉萨,2014-07,50,30~84,良,14,32,9.0,16.0,0.642,95
拉萨,2014-08,54,35~83,良,15,37,8.0,19.0,0.665,100
拉萨,2014-09,49,32~77,优,16,38,9.0,19.0,0.687,93
拉萨,2014-10,60,51~75,良,23,55,9.0,28.0,0.894,108
拉萨,2014-11,62,53~75,良,32,74,10.0,33.0,0.9,90
拉萨,2014-12,64,47~95,良,38,77,12.0,35.0,1.516,84
拉萨,2015-01,53,43~69,良,24,53,10.0,22.0,1.039,85
拉萨,2015-02,45,36~63,优,22,42,9.0,20.0,0.686,78
拉萨,2015-03,57,37~85,良,18,49,11.0,14.0,0.584,104
拉萨,2015-04,76,53~96,良,22,50,10.0,16.0,0.573,131
拉萨,2015-05,80,58~102,良,24,59,10.0,17.0,0.561,134
拉萨,2015-06,67,37~108,良,19,45,9.0,14.0,0.5,118
拉萨,2015-07,80,45~128,良,24,55,9.0,20.0,0.468,133
拉萨,2015-08,58,37~85,良,20,45,8.0,21.0,0.532,108
拉萨,2015-09,53,43~71,良,18,46,11.0,18.0,0.627,94
拉萨,2015-10,62,48~78,良,29,72,10.0,25.0,0.587,99
拉萨,2015-11,67,48~82,良,36,83,10.0,29.0,0.793,86
拉萨,2015-12,72,50~134,良,40,90,9.0,26.0,0.742,85
拉萨,2016-01,57,41~104,良,28,61,8.0,21.0,0.629,88
拉萨,2016-02,60,44~108,良,21,65,7.0,14.0,0.486,93
拉萨,2016-03,65,47~98,良,25,75,10.0,20.0,0.532,106
拉萨,2016-04,85,51~140,良,32,95,9.0,23.0,0.473,134
拉萨,2016-05,97,82~120,良,26,67,9.0,18.0,0.477,155
拉萨,2016-06,84,51~122,良,19,46,9.0,18.0,0.483,140
拉萨,2016-07,53,31~100,良,16,45,8.0,18.0,0.429,95
拉萨,2016-08,61,46~76,良,19,63,6.0,21.0,0.439,102
拉萨,2016-09,54,43~72,良,17,48,5.0,21.0,0.43,99
拉萨,2016-10,65,40~102,良,23,80,5.0,27.0,0.397,89
拉萨,2016-11,97,73~122,良,48,144,8.0,44.0,0.827,74
拉萨,2016-12,104,52~154,轻度污染,56,157,8.0,45.0,0.965,65
拉萨,2017-01,57,42~91,良,28,70,7.0,25.0,0.713,80
拉萨,2017-02,63,40~167,良,24,68,7.0,19.0,0.779,93
拉萨,2017-03,61,49~96,良,21,68,7.0,19.0,0.768,100
拉萨,2017-04,76,54~109,良,22,82,7.0,21.0,0.607,123
拉萨,2017-05,72,51~87,良,19,55,9.0,18.0,0.561,127
拉萨,2017-06,68,39~92,良,13,39,8.0,16.0,0.577,122
拉萨,2017-07,47,29~76,优,10,28,8.0,17.0,0.548,91
拉萨,2017-08,46,32~85,优,10,26,9.0,18.0,0.558,91
拉萨,2017-09,45,30~75,优,12,36,9.0,21.0,0.627,87
拉萨,2017-10,48,36~61,优,14,41,8.0,24.0,0.713,92
拉萨,2017-11,53,42~67,良,25,55,7.0,34.0,0.833,89
拉萨,2017-12,70,38~155,良,41,84,8.0,39.0,1.294,53
拉萨,2018-01,50,0~70,良,20,49,6.0,26.0,0.8,88
拉萨,2018-02,50,42~63,优,12,34,6.0,11.0,0.604,93
拉萨,2018-03,53,38~75,良,10,30,6.0,14.0,0.555,102
拉萨,2018-04,67,51~89,良,12,38,7.0,18.0,0.51,120
拉萨,2018-05,74,52~111,良,13,37,8.0,17.0,0.406,128
拉萨,2018-06,69,39~101,良,9,29,8.0,16.0,0.393,122
拉萨,2018-07,45,30~65,优,7,20,6.0,16.0,0.303,87
拉萨,2018-08,38,28~51,优,7,20,6.0,16.0,0.345,76
拉萨,2018-09,44,33~54,优,9,28,7.0,19.0,0.35,86
拉萨,2018-10,49,38~57,优,11,32,5.0,20.0,0.365,96
拉萨,2018-11,49,40~59,优,18,49,5.0,28.0,0.583,78
拉萨,2018-12,47,36~58,优,21,45,6.0,29.0,0.729,77
拉萨,2019-01,44,36~63,优,14,34,6.0,21.0,0.671,84
拉萨,2019-02,45,32~75,优,11,34,5.0,13.0,0.586,86
拉萨,2019-03,51,41~62,良,14,37,4.0,15.0,0.487,98
拉萨,2019-04,64,44~93,良,11,34,5.0,15.0,0.433,116
拉萨,2019-05,76,45~100,良,14,33,6.0,14.0,0.368,131
拉萨,2019-06,64,43~90,良,12,26,6.0,12.0,0.393,116
拉萨,2019-07,55,32~96,良,8,20,8.0,16.0,0.416,102
拉萨,2019-08,50,37~66,优,7,20,8.0,18.0,0.4,96
拉萨,2019-09,45,29~62,优,7,21,8.0,19.0,0.453,88
拉萨,2019-10,47,39~60,优,10,28,7.0,20.0,0.477,93
拉萨,2019-11,44,34~54,优,15,40,6.0,29.0,0.7,76
拉萨,2019-12,45,35~61,优,18,43,6.0,30.0,0.826,68
拉萨,2020-01,44,33~61,优,16,35,6.0,20.0,0.781,80
拉萨,2020-02,45,40~52,优,10,20,6.0,9.0,0.624,90
拉萨,2020-03,53,43~70,良,8,25,6.0,10.0,0.458,102
拉萨,2020-04,56,43~67,良,10,32,6.0,15.0,0.443,106
拉萨,2020-05,68,53~90,良,10,26,6.0,16.0,0.416,121
拉萨,2020-06,57,33~91,良,10,22,7.0,15.0,0.437,105
拉萨,2020-07,46,32~82,优,7,18,8.0,16.0,0.458,90
拉萨,2020-08,48,23~88,优,8,22,8.0,19.0,0.416,91
拉萨,2020-09,48,31~65,优,9,22,8.0,20.0,0.417,92
拉萨,2020-10,45,32~57,优,14,36,7.0,26.0,0.561,83
拉萨,2020-11,49,38~66,优,16,40,6.0,29.0,0.72,82
拉萨,2020-12,45,36~65,优,19,43,5.0,31.0,0.929,72
拉萨,2021-01,42,31~54,优,15,34,5.0,21.0,0.758,79
拉萨,2021-02,46,37~79,优,11,26,5.0,11.0,0.55,88
拉萨,2021-03,57,44~84,良,12,34,7.0,13.0,0.59,106
拉萨,2021-04,63,48~78,良,12,35,5.0,13.0,0.543,115
拉萨,2021-05,63,33~91,良,8,21,6.0,12.0,0.468,114
拉萨,2021-06,53,34~80,良,8,19,6.0,10.0,0.353,100
拉萨,2021-07,54,33~100,良,6,13,7.0,12.0,0.355,102
拉萨,2021-08,41,28~55,优,6,13,7.0,13.0,0.358,81
拉萨,2021-09,42,29~59,优,6,16,7.0,15.0,0.32,83
拉萨,2021-10,44,24~57,优,7,20,6.0,19.0,0.377,86
拉萨,2021-11,41,35~50,优,11,28,7.0,25.0,0.56,81
拉萨,2021-12,41,34~59,优,14,30,6.0,26.0,0.719,75
拉萨,2022-01,41,35~49,优,12,24,6.0,18.0,0.687,79
拉萨,2022-02,42,35~50,优,9,22,6.0,10.0,0.468,83
拉萨,2022-03,47,39~65,优,11,27,6.0,13.0,0.397,92
拉萨,2022-04,53,43~75,良,12,29,6.0,12.0,0.293,101
拉萨,2022-05,70,48~92,良,7,17,7.0,12.0,0.239,124
拉萨,2022-06,70,47~95,良,6,14,7.0,11.0,0.21,124
拉萨,2022-07,71,38~102,良,7,16,8.0,12.0,0.2,124
拉萨,2022-08,50,39~77,优,4,8,9.0,9.0,0.19,97
拉萨,2022-09,51,32~70,良,4,3,9.0,5.0,0.103,98
拉萨,2022-10,49,29~65,优,4,6,8.0,6.0,0.103,93
拉萨,2022-11,49,39~59,优,7,16,9.0,13.0,0.323,96
拉萨,2022-12,43,36~68,优,13,28,9.0,24.0,0.616,84
拉萨,2023-01,50,39~62,良,13,32,7.0,18.0,0.574,96
拉萨,2023-02,55,39~95,良,14,36,7.0,16.0,0.521,101
拉萨,2023-03,65,48~79,良,8,18,6.0,13.0,0.377,117
拉萨,2023-04,81,64~108,良,10,28,7.0,13.0,0.38,136
拉萨,2023-05,90,64~108,良,8,19,7.0,12.0,0.294,147
拉萨,2023-06,83,43~110,良,9,19,7.0,11.0,0.213,139
拉萨,2023-07,54,35~83,良,7,12,9.0,13.0,0.219,102
拉萨,2023-08,47,30~75,优,7,12,9.0,14.0,0.219,92
拉萨,2023-09,55,35~93,良,8,15,8.0,15.0,0.267,103
拉萨,2023-10,47,30~56,优,8,17,8.0,17.0,0.377,93
拉萨,2023-11,45,40~53,优,13,25,9.0,23.0,0.657,88
拉萨,2023-12,40,23~55,优,16,28,8.0,27.0,0.781,48
拉萨,2024-01,43,36~54,优,13,21,6.0,20.0,0.635,85
拉萨,2024-02,51,41~73,良,11,25,5.0,12.0,0.531,99
拉萨,2024-03,58,45~84,良,11,22,5.0,12.0,0.384,109
拉萨,2024-04,85,57~108,良,12,24,6.0,13.0,0.347,141
拉萨,2024-05,86,55~123,良,11,20,6.0,11.0,0.3,143
拉萨,2024-06,83,63~107,良,7,13,7.0,11.0,0.297,139
拉萨,2024-07,55,34~119,良,7,10,8.0,12.0,0.223,100
拉萨,2024-08,62,28~90,良,7,12,8.0,14.0,0.21,112
拉萨,2024-09,50,33~70,优,7,11,7.0,13.0,0.247,97
拉萨,2024-10,54,37~70,良,9,17,8.0,19.0,0.352,104
拉萨,2024-11,50,50~50,优,11,26,9.0,19.0,0.4,100
武汉,2014-01,229,93~337,重度污染,183,195,68.0,2.026,80.0,51
武汉,2014-02,122,37~279,轻度污染,93,82,33.0,1.304,46.0,53
武汉,2014-03,110,64~151,轻度污染,83,122,40.0,1.219,60.0,81
武汉,2014-04,87,37~184,良,63,96,29.0,1.097,53.0,101
武汉,2014-05,112,43~281,轻度污染,75,143,28.0,1.035,56.0,109
武汉,2014-06,119,32~274,轻度污染,83,127,24.0,1.087,44.0,154
武汉,2014-07,81,30~182,良,44,82,19.0,0.884,39.0,127
武汉,2014-08,78,47~127,良,44,73,18.0,0.971,36.0,124
武汉,2014-09,74,21~125,良,46,76,22.0,1.003,37.0,111
武汉,2014-10,123,31~229,轻度污染,91,140,30.0,1.223,60.0,119
武汉,2014-11,105,44~285,轻度污染,77,94,32.0,1.287,58.0,61
武汉,2014-12,114,73~250,轻度污染,84,126,42.0,1.271,63.0,54
武汉,2015-01,161,46~285,中度污染,123,138,36.0,1.58,74.0,47
武汉,2015-02,142,31~223,轻度污染,108,117,27.0,1.457,56.0,62
武汉,2015-03,94,33~204,良,68,98,24.0,1.135,49.0,74
武汉,2015-04,87,36~133,良,59,110,20.0,1.067,52.0,103
武汉,2015-05,101,45~174,轻度污染,65,112,15.0,1.023,45.0,137
武汉,2015-06,73,33~116,良,41,78,13.0,0.91,40.0,118
武汉,2015-07,76,43~143,良,36,68,10.0,0.768,33.0,126
武汉,2015-08,90,23~158,良,41,85,14.0,0.784,37.0,144
武汉,2015-09,92,46~146,良,47,88,19.0,0.927,41.0,143
武汉,2015-10,101,40~153,轻度污染,71,131,23.0,1.135,65.0,119
武汉,2015-11,78,30~129,良,57,80,18.0,1.243,46.0,37
武汉,2015-12,146,55~334,轻度污染,109,157,21.0,1.297,58.0,36
武汉,2016-01,144,80~249,轻度污染,107,141,21.0,1.352,51.0,40
武汉,2016-02,113,43~228,轻度污染,80,123,20.0,1.083,46.0,86
武汉,2016-03,115,39~202,轻度污染,84,136,19.0,1.055,58.0,94
武汉,2016-04,76,42~111,良,47,89,11.0,1.007,50.0,102
武汉,2016-05,76,42~122,良,44,86,8.0,0.819,41.0,109
武汉,2016-06,69,33~114,良,31,64,6.0,0.753,38.0,110
武汉,2016-07,70,29~128,良,24,57,5.0,0.668,31.0,115
武汉,2016-08,86,27~137,良,34,78,7.0,0.839,34.0,137
武汉,2016-09,94,34~163,良,45,99,12.0,0.807,45.0,145
武汉,2016-10,60,32~113,良,35,59,8.0,1.058,41.0,56
武汉,2016-11,84,28~182,良,61,93,11.0,1.233,52.0,42
武汉,2016-12,123,62~186,轻度污染,93,123,14.0,1.416,67.0,43
武汉,2017-01,119,45~232,轻度污染,85,106,14.0,1.39,54.0,53
武汉,2017-02,101,54~219,轻度污染,73,96,14.0,1.304,57.0,69
武汉,2017-03,93,43~272,良,64,96,12.0,1.135,58.0,77
武汉,2017-04,80,36~106,良,44,94,11.0,1.09,54.0,101
武汉,2017-05,104,33~500,轻度污染,39,89,8.0,1.0,50.0,129
武汉,2017-06,75,32~122,良,32,61,5.0,0.983,38.0,119
武汉,2017-07,63,31~125,良,23,57,4.0,0.781,29.0,110
武汉,2017-08,65,30~100,良,24,51,6.0,0.948,32.0,113
武汉,2017-09,74,34~130,良,30,61,8.0,1.103,45.0,101
武汉,2017-10,62,23~133,良,34,64,9.0,1.032,46.0,75
武汉,2017-11,105,51~191,轻度污染,76,115,13.0,1.233,70.0,63
武汉,2017-12,130,60~270,轻度污染,95,126,16.0,1.306,71.0,25
武汉,2018-01,114,52~223,轻度污染,85,86,10.0,1.094,49.0,44
武汉,2018-02,87,0~166,良,62,86,11.0,1.007,49.0,62
武汉,2018-03,73,33~113,良,47,78,8.0,0.945,53.0,74
武汉,2018-04,61,0~118,良,36,76,7.0,0.903,45.0,98
武汉,2018-05,57,0~109,良,27,56,6.0,0.826,36.0,99
武汉,2018-06,86,37~174,良,30,54,7.0,0.833,35.0,136
武汉,2018-07,59,22~99,良,22,42,6.0,0.752,28.0,105
武汉,2018-08,73,35~142,良,24,39,6.0,0.826,27.0,125
武汉,2018-09,70,39~131,良,29,54,9.0,0.907,41.0,117
武汉,2018-10,79,53~129,良,42,70,11.0,0.919,54.0,106
武汉,2018-11,88,29~252,良,63,78,10.0,1.11,53.0,60
武汉,2018-12,97,28~207,良,71,81,9.0,1.126,45.0,32
武汉,2019-01,125,49~214,轻度污染,94,105,9.0,1.39,56.0,34
武汉,2019-02,87,28~156,良,64,77,7.0,0.971,35.0,47
武汉,2019-03,75,44~102,良,49,86,10.0,1.003,54.0,82
武汉,2019-04,70,33~134,良,37,67,9.0,1.043,42.0,109
武汉,2019-05,85,45~137,良,37,80,8.0,0.894,47.0,124
武汉,2019-06,90,26~141,良,28,51,6.0,0.92,33.0,145
武汉,2019-07,75,39~160,良,25,47,6.0,0.829,29.0,127
武汉,2019-08,100,35~171,轻度污染,30,53,8.0,0.942,30.0,158
武汉,2019-09,104,47~157,轻度污染,34,63,12.0,0.943,41.0,160
武汉,2019-10,68,29~151,良,32,57,9.0,0.868,42.0,103
武汉,2019-11,82,25~113,良,48,88,11.0,0.937,58.0,72
武汉,2019-12,95,53~180,良,67,97,11.0,1.132,63.0,39
武汉,2020-01,83,40~142,良,60,70,7.0,0.984,37.0,48
武汉,2020-02,57,20~128,良,38,46,8.0,0.917,21.0,75
武汉,2020-03,55,28~80,良,34,53,9.0,0.952,22.0,90
武汉,2020-04,73,43~110,良,34,59,9.0,0.73,36.0,120
武汉,2020-05,78,40~127,良,35,62,8.0,0.81,36.0,127
武汉,2020-06,61,30~126,良,20,31,6.0,0.777,26.0,103
武汉,2020-07,59,28~120,良,22,33,6.0,0.803,26.0,102
武汉,2020-08,71,37~128,良,21,41,6.0,0.677,26.0,123
武汉,2020-09,80,35~150,良,30,51,7.0,0.843,37.0,123
武汉,2020-10,67,24~104,良,36,68,8.0,0.9,48.0,85
武汉,2020-11,73,30~107,良,40,70,10.0,0.83,53.0,67
武汉,2020-12,109,41~223,轻度污染,80,105,12.0,1.035,64.0,44
武汉,2021-01,102,54~215,轻度污染,58,83,10.0,0.984,57.0,49
武汉,2021-02,73,26~115,良,52,70,8.0,0.854,37.0,74
武汉,2021-03,64,29~114,良,32,51,8.0,0.823,41.0,68
武汉,2021-04,65,33~115,良,31,52,8.0,0.767,41.0,94
武汉,2021-05,66,37~128,良,25,47,7.0,0.745,36.0,109
武汉,2021-06,83,33~136,良,26,47,7.0,0.797,32.0,136
武汉,2021-07,61,24~140,良,17,33,5.0,0.668,25.0,106
武汉,2021-08,69,30~193,良,19,33,6.0,0.81,25.0,119
武汉,2021-09,95,44~175,良,23,41,8.0,0.857,30.0,152
武汉,2021-10,65,28~127,良,33,53,8.0,0.79,41.0,98
武汉,2021-11,79,25~156,良,47,78,10.0,0.813,56.0,78
武汉,2021-12,100,39~156,良,69,88,10.0,1.039,60.0,58
武汉,2022-01,107,34~226,轻度污染,80,84,8.0,1.113,47.0,50
武汉,2022-02,74,33~135,良,52,64,8.0,0.861,40.0,67
武汉,2022-03,66,27~139,良,25,52,9.0,0.906,41.0,86
武汉,2022-04,67,36~105,良,28,53,9.0,0.837,35.0,116
武汉,2022-05,78,47~120,良,31,57,9.0,0.877,33.0,128
武汉,2022-06,73,23~157,良,18,36,8.0,0.837,21.0,122
武汉,2022-07,67,22~144,良,15,31,6.0,0.729,20.0,117
武汉,2022-08,76,26~149,良,17,33,7.0,0.774,20.0,130
武汉,2022-09,99,48~157,良,27,52,10.0,0.81,32.0,154
武汉,2022-10,66,22~130,良,28,49,10.0,0.758,36.0,107
武汉,2022-11,59,24~89,良,33,54,9.0,0.937,39.0,78
武汉,2022-12,88,26~169,良,63,85,10.0,0.858,48.0,55
武汉,2023-01,109,26~238,轻度污染,81,107,9.0,1.045,43.0,78
武汉,2023-02,79,30~158,良,56,71,9.0,0.879,44.0,67
武汉,2023-03,82,31~142,良,47,97,9.0,0.884,50.0,92
武汉,2023-04,77,28~160,良,33,80,8.0,0.717,32.0,119
武汉,2023-05,70,37~123,良,27,50,7.0,0.684,26.0,120
武汉,2023-06,85,37~173,良,22,41,7.0,0.66,25.0,138
武汉,2023-07,58,33~88,良,14,29,6.0,0.613,18.0,106
武汉,2023-08,94,38~142,良,22,37,7.0,0.665,20.0,151
武汉,2023-09,67,24~128,良,19,32,8.0,0.7,21.0,115
武汉,2023-10,75,27~147,良,43,68,9.0,0.758,44.0,113
武汉,2023-11,69,35~102,良,41,71,9.0,0.86,47.0,72
武汉,2023-12,87,24~256,良,60,75,9.0,0.955,47.0,33
武汉,2024-01,98,37~205,良,71,84,9.0,0.984,49.0,61
武汉,2024-02,77,27~152,良,55,58,8.0,0.814,25.0,78
武汉,2024-03,69,36~108,良,41,64,8.0,0.758,36.0,103
武汉,2024-04,70,29~124,良,32,56,8.0,0.74,28.0,116
武汉,2024-05,91,41~129,良,31,53,8.0,0.626,23.0,145
武汉,2024-06,79,22~132,良,17,27,7.0,0.61,18.0,131
武汉,2024-07,53,31~131,良,14,24,6.0,0.516,15.0,100
武汉,2024-08,76,45~126,良,19,35,7.0,0.571,17.0,130
武汉,2024-09,87,34~167,良,24,41,9.0,0.63,18.0,142
武汉,2024-10,74,32~131,良,34,52,10.0,0.729,29.0,121
武汉,2024-11,72,72~72,良,52,71,9.0,0.6,20.0,126
沈阳,2013-02,118,62~267,轻度污染,81,122,1.643,153.0,30.0,63
沈阳,2013-03,109,56~262,轻度污染,73,129,1.423,103.0,31.0,74
沈阳,2013-04,91,50~179,良,58,118,1.26,31.0,27.0,90
沈阳,2013-05,104,56~255,轻度污染,70,144,1.087,34.0,37.0,131
沈阳,2013-06,84,51~152,良,52,90,0.93,23.0,43.0,123
沈阳,2013-07,73,42~128,良,40,83,0.832,20.0,41.0,111
沈阳,2013-08,77,35~138,良,50,94,0.984,27.0,33.0,105
沈阳,2013-09,76,41~185,良,46,88,0.953,40.0,46.0,90
沈阳,2013-10,114,44~264,轻度污染,83,130,1.606,54.0,57.0,62
沈阳,2013-11,113,56~283,轻度污染,75,124,1.657,132.0,57.0,35
沈阳,2013-12,163,78~345,中度污染,122,171,1.8,215.0,66.0,27
沈阳,2014-01,130,81~233,轻度污染,90,136,1.258,197.0,58.0,38
沈阳,2014-02,137,0~308,轻度污染,100,146,1.314,178.0,59.0,58
沈阳,2014-03,114,58~234,轻度污染,81,133,1.052,101.0,56.0,78
沈阳,2014-04,100,56~180,良,67,134,0.96,40.0,52.0,109
沈阳,2014-05,84,46~167,良,49,99,0.861,29.0,47.0,122
沈阳,2014-06,87,40~160,良,50,81,0.827,23.0,43.0,134
沈阳,2014-07,97,49~182,良,55,95,0.923,23.0,35.0,147
沈阳,2014-08,98,49~170,良,50,94,1.026,28.0,41.0,148
沈阳,2014-09,77,40~138,良,45,88,0.933,31.0,53.0,107
沈阳,2014-10,142,50~500,轻度污染,112,171,1.126,43.0,58.0,94
沈阳,2014-11,145,59~323,轻度污染,107,176,1.383,128.0,67.0,48
沈阳,2014-12,125,63~257,轻度污染,86,135,1.255,169.0,57.0,34
沈阳,2015-01,157,81~370,中度污染,115,163,1.613,200.0,67.0,34
沈阳,2015-02,152,70~500,中度污染,105,190,1.3,157.0,56.0,46
沈阳,2015-03,107,58~193,轻度污染,75,133,0.948,81.0,50.0,68
沈阳,2015-04,99,49~144,良,65,123,0.88,27.0,46.0,97
沈阳,2015-05,96,41~183,良,44,96,0.713,20.0,36.0,136
沈阳,2015-06,83,41~124,良,38,63,0.83,16.0,39.0,137
沈阳,2015-07,77,34~161,良,36,65,0.745,11.0,36.0,127
沈阳,2015-08,76,38~142,良,32,57,0.752,13.0,35.0,126
沈阳,2015-09,69,39~107,良,37,71,0.81,20.0,46.0,102
沈阳,2015-10,98,38~307,良,69,105,0.942,28.0,48.0,78
沈阳,2015-11,166,58~500,中度污染,145,174,1.327,94.0,58.0,51
沈阳,2015-12,141,53~289,轻度污染,105,143,1.474,127.0,56.0,36
沈阳,2016-01,105,57~169,轻度污染,77,119,1.113,114.0,50.0,54
沈阳,2016-02,83,53~144,良,54,92,0.893,91.0,40.0,74
沈阳,2016-03,114,40~350,轻度污染,67,151,0.919,59.0,43.0,103
沈阳,2016-04,87,64~172,良,45,108,0.733,20.0,35.0,115
沈阳,2016-05,88,50~146,良,39,89,0.752,20.0,37.0,137
沈阳,2016-06,80,38~127,良,36,66,0.8,17.0,37.0,132
沈阳,2016-07,87,32~146,良,38,61,0.832,13.0,28.0,139
沈阳,2016-08,76,23~140,良,31,56,0.781,17.0,29.0,124
沈阳,2016-09,64,29~104,良,38,64,0.93,22.0,37.0,101
沈阳,2016-10,76,30~206,良,52,83,0.945,28.0,44.0,67
沈阳,2016-11,100,38~272,轻度污染,74,109,1.01,72.0,49.0,47
沈阳,2016-12,128,43~270,轻度污染,95,133,1.442,98.0,57.0,40
沈阳,2017-01,123,53~273,轻度污染,87,123,1.377,104.0,55.0,51
沈阳,2017-02,94,45~215,良,66,96,1.079,74.0,46.0,77
沈阳,2017-03,115,41~207,轻度污染,84,125,1.026,55.0,54.0,112
沈阳,2017-04,83,49~129,良,45,93,0.767,24.0,36.0,121
沈阳,2017-05,105,55~216,轻度污染,30,70,0.629,14.0,29.0,146
沈阳,2017-06,101,44~204,轻度污染,34,64,0.767,18.0,33.0,158
沈阳,2017-07,99,50~178,良,31,52,0.742,12.0,28.0,158
沈阳,2017-08,63,35~117,良,25,45,0.832,15.0,30.0,109
沈阳,2017-09,64,39~101,良,32,62,0.937,23.0,38.0,106
沈阳,2017-10,80,37~173,良,52,89,1.103,25.0,48.0,74
沈阳,2017-11,67,38~150,良,40,76,0.847,30.0,38.0,54
沈阳,2017-12,94,44~196,良,66,103,1.352,49.0,50.0,21
沈阳,2018-01,83,39~169,良,58,89,1.074,42.0,45.0,42
沈阳,2018-02,87,0~160,良,61,91,1.036,37.0,39.0,68
沈阳,2018-03,86,0~201,良,61,91,1.023,28.0,39.0,97
沈阳,2018-04,67,0~114,良,37,81,0.797,18.0,30.0,113
沈阳,2018-05,69,0~145,良,30,67,0.781,19.0,31.0,126
沈阳,2018-06,88,38~200,良,27,50,0.857,18.0,28.0,143
沈阳,2018-07,61,27~154,良,21,39,0.723,13.0,23.0,103
沈阳,2018-08,59,30~120,良,18,38,0.729,13.0,30.0,96
沈阳,2018-09,52,34~85,良,23,47,0.83,21.0,37.0,80
沈阳,2018-10,63,25~125,良,39,72,0.981,23.0,42.0,69
沈阳,2018-11,76,43~153,良,51,86,1.073,29.0,48.0,42
沈阳,2018-12,72,0~159,良,47,79,1.171,30.0,42.0,41
沈阳,2019-01,101,51~262,轻度污染,70,116,1.355,32.0,49.0,44
沈阳,2019-02,97,48~227,良,71,102,1.164,31.0,42.0,65
沈阳,2019-03,93,40~251,良,61,110,0.958,25.0,42.0,90
沈阳,2019-04,84,46~374,良,40,106,0.737,20.0,34.0,105
沈阳,2019-05,83,45~197,良,32,82,0.687,20.0,26.0,130
沈阳,2019-06,78,25~134,良,23,44,0.767,14.0,29.0,130
沈阳,2019-07,90,42~148,良,27,47,0.894,10.0,23.0,147
沈阳,2019-08,53,19~115,良,19,34,0.768,11.0,24.0,93
沈阳,2019-09,67,25~148,良,26,57,0.927,18.0,36.0,104
沈阳,2019-10,77,23~153,良,46,89,0.994,20.0,42.0,78
沈阳,2019-11,60,26~117,良,37,67,0.833,24.0,41.0,42
沈阳,2019-12,87,30~185,良,62,87,1.129,29.0,47.0,37
沈阳,2020-01,141,58~315,轻度污染,108,138,1.542,32.0,57.0,51
沈阳,2020-02,75,31~208,良,51,75,0.972,18.0,30.0,71
沈阳,2020-03,65,43~129,良,39,73,0.694,16.0,32.0,86
沈阳,2020-04,97,56~173,良,60,120,0.82,17.0,39.0,117
沈阳,2020-05,67,29~127,良,23,62,0.658,14.0,26.0,112
沈阳,2020-06,85,37~194,良,23,55,0.733,16.0,30.0,139
沈阳,2020-07,95,39~179,良,28,54,0.89,14.0,28.0,152
沈阳,2020-08,62,22~112,良,20,38,0.816,10.0,24.0,107
沈阳,2020-09,49,22~110,优,22,44,0.767,12.0,30.0,77
沈阳,2020-10,68,29~135,良,40,83,1.029,21.0,42.0,71
沈阳,2020-11,68,22~158,良,43,79,0.933,24.0,40.0,48
沈阳,2020-12,68,28~112,良,46,75,1.013,25.0,43.0,42
沈阳,2021-01,88,32~275,良,63,93,1.21,22.0,43.0,48
沈阳,2021-02,78,34~142,良,54,81,0.968,19.0,33.0,71
沈阳,2021-03,105,39~247,轻度污染,70,127,0.961,19.0,42.0,91
沈阳,2021-04,71,41~142,良,41,84,0.71,15.0,32.0,108
沈阳,2021-05,73,35~139,良,28,67,0.748,15.0,27.0,117
沈阳,2021-06,66,32~132,良,19,37,0.667,11.0,25.0,115
沈阳,2021-07,65,30~110,良,20,38,0.758,8.0,21.0,113
沈阳,2021-08,56,18~103,良,20,38,0.852,10.0,24.0,99
沈阳,2021-09,50,26~98,优,19,40,0.827,12.0,30.0,80
沈阳,2021-10,55,27~95,良,31,60,0.797,14.0,36.0,63
沈阳,2021-11,76,30~145,良,52,76,0.907,19.0,43.0,46
沈阳,2021-12,59,29~93,良,38,64,0.871,20.0,37.0,43
沈阳,2022-01,86,36~205,良,62,89,1.039,19.0,43.0,45
沈阳,2022-02,62,34~160,良,42,65,0.814,17.0,33.0,71
沈阳,2022-03,65,35~122,良,39,63,0.787,15.0,28.0,87
沈阳,2022-04,74,48~113,良,36,65,0.81,14.0,22.0,123
沈阳,2022-05,77,30~154,良,24,56,0.729,15.0,25.0,129
沈阳,2022-06,60,25~113,良,20,35,0.803,10.0,24.0,104
沈阳,2022-07,59,29~120,良,18,33,0.758,8.0,20.0,106
沈阳,2022-08,56,22~101,良,18,34,0.758,10.0,23.0,101
沈阳,2022-09,65,24~144,良,20,45,0.77,15.0,29.0,105
沈阳,2022-10,53,20~123,良,29,53,0.774,14.0,33.0,72
沈阳,2022-11,63,29~135,良,42,67,0.92,17.0,37.0,49
沈阳,2022-12,60,30~123,良,37,65,0.981,18.0,37.0,47
沈阳,2023-01,70,33~195,良,45,77,0.99,16.0,34.0,52
沈阳,2023-02,77,37~160,良,52,83,0.925,16.0,37.0,65
沈阳,2023-03,82,40~153,良,49,104,0.881,18.0,36.0,101
沈阳,2023-04,101,38~358,轻度污染,49,128,0.737,14.0,30.0,106
沈阳,2023-05,79,39~189,良,24,66,0.668,14.0,28.0,124
沈阳,2023-06,89,49~150,良,19,37,0.747,11.0,26.0,146
沈阳,2023-07,77,23~162,良,19,36,0.777,8.0,20.0,127
沈阳,2023-08,54,27~118,良,15,29,0.681,7.0,21.0,97
沈阳,2023-09,60,35~105,良,19,42,0.837,13.0,31.0,104
沈阳,2023-10,59,30~109,良,32,60,0.855,14.0,36.0,86
沈阳,2023-11,58,27~145,良,37,56,0.823,15.0,36.0,51
沈阳,2023-12,80,30~163,良,53,81,1.106,16.0,43.0,25
沈阳,2024-01,73,29~155,良,51,72,1.068,14.0,43.0,46
沈阳,2024-02,93,34~374,良,67,89,0.928,15.0,35.0,74
沈阳,2024-03,73,41~163,良,46,84,0.787,13.0,33.0,93
沈阳,2024-04,86,37~180,良,50,94,0.747,13.0,30.0,116
沈阳,2024-05,74,34~135,良,20,49,0.652,12.0,24.0,125
沈阳,2024-06,89,42~185,良,17,35,0.727,11.0,25.0,143
沈阳,2024-07,71,25~153,良,23,36,0.881,5.0,22.0,121
沈阳,2024-08,61,24~108,良,16,32,0.8,8.0,23.0,110
沈阳,2024-09,46,24~78,优,16,35,0.76,11.0,30.0,81
沈阳,2024-10,59,27~108,良,33,57,0.826,14.0,37.0,80
沈阳,2024-11,59,59~59,良,42,62,0.9,18.0,46.0,53
青岛,2014-01,130,41~272,轻度污染,96,166,65.0,52.0,1.306,59
青岛,2014-02,90,35~201,良,62,99,47.0,40.0,1.089,79
青岛,2014-03,97,57~199,良,66,132,43.0,53.0,1.123,101
青岛,2014-04,88,51~183,良,52,108,25.0,38.0,0.807,122
青岛,2014-05,97,46~152,良,52,121,25.0,34.0,0.694,146
青岛,2014-06,77,51~123,良,38,78,16.0,22.0,0.523,127
青岛,2014-07,83,37~153,良,45,88,17.0,26.0,0.639,130
青岛,2014-08,82,41~170,良,38,83,21.0,33.0,0.69,134
青岛,2014-09,75,51~111,良,31,71,20.0,33.0,0.683,123
青岛,2014-10,81,46~136,良,42,94,21.0,38.0,0.748,121
青岛,2014-11,100,50~204,轻度污染,70,124,38.0,54.0,1.923,69
青岛,2014-12,97,57~261,良,68,121,58.0,58.0,1.11,51
青岛,2015-01,104,48~234,轻度污染,73,122,47.0,47.0,1.258,58
青岛,2015-02,99,49~193,良,67,126,40.0,39.0,1.171,78
青岛,2015-03,86,49~168,良,54,114,26.0,37.0,0.958,100
青岛,2015-04,89,56~185,良,48,103,22.0,33.0,0.877,132
青岛,2015-05,79,54~132,良,35,87,21.0,31.0,0.781,130
青岛,2015-06,86,43~183,良,35,75,22.0,27.0,0.82,139
青岛,2015-07,61,29~139,良,31,68,20.0,20.0,0.655,103
青岛,2015-08,68,39~147,良,35,74,19.0,24.0,0.623,104
青岛,2015-09,61,41~103,良,27,64,21.0,30.0,0.61,105
青岛,2015-10,79,52~130,良,45,94,21.0,32.0,0.758,106
青岛,2015-11,84,40~201,良,59,92,22.0,35.0,0.973,66
青岛,2015-12,136,44~354,轻度污染,103,150,47.0,47.0,1.465,53
青岛,2016-01,113,47~306,轻度污染,82,128,45.0,39.0,1.248,58
青岛,2016-02,85,36~185,良,58,99,34.0,34.0,1.028,80
青岛,2016-03,81,49~157,良,49,104,24.0,40.0,0.819,101
青岛,2016-04,97,47~344,良,52,129,23.0,41.0,0.867,117
青岛,2016-05,80,48~157,良,41,92,18.0,36.0,0.706,122
青岛,2016-06,66,34~142,良,27,54,13.0,27.0,0.553,118
青岛,2016-07,57,25~89,良,27,56,9.0,21.0,0.526,99
青岛,2016-08,51,29~104,良,17,44,10.0,20.0,0.471,89
青岛,2016-09,84,41~150,良,31,68,14.0,23.0,0.583,136
青岛,2016-10,62,37~90,良,30,67,16.0,29.0,0.632,95
青岛,2016-11,75,33~138,良,50,89,25.0,40.0,0.813,72
青岛,2016-12,100,44~249,良,71,112,28.0,50.0,1.103,58
青岛,2017-01,99,40~299,良,71,111,31.0,46.0,1.274,62
青岛,2017-02,80,44~212,良,54,86,26.0,36.0,0.925,83
青岛,2017-03,71,54~93,良,44,78,18.0,38.0,0.745,104
青岛,2017-04,83,57~130,良,42,92,17.0,41.0,0.717,132
青岛,2017-05,99,42~204,良,26,60,12.0,29.0,0.645,139
青岛,2017-06,77,41~189,良,23,54,10.0,26.0,0.513,130
青岛,2017-07,74,30~149,良,28,67,9.0,26.0,0.687,126
青岛,2017-08,73,32~150,良,18,45,8.0,25.0,0.623,123
青岛,2017-09,93,45~162,良,23,57,9.0,31.0,0.657,149
青岛,2017-10,66,38~106,良,27,66,10.0,44.0,0.69,103
青岛,2017-11,77,42~130,良,41,96,14.0,51.0,0.793,74
青岛,2017-12,92,28~176,良,59,117,19.0,61.0,1.042,29
青岛,2018-01,100,47~241,轻度污染,68,119,17.0,52.0,0.945,51
青岛,2018-02,69,43~133,良,42,77,14.0,35.0,0.714,78
青岛,2018-03,74,31~135,良,47,84,11.0,34.0,0.623,100
青岛,2018-04,75,0~119,良,32,85,9.0,31.0,0.43,113
青岛,2018-05,65,44~130,良,27,59,6.0,28.0,0.368,116
青岛,2018-06,76,41~134,良,22,46,5.0,16.0,0.38,128
青岛,2018-07,41,20~78,优,15,36,4.0,12.0,0.329,69
青岛,2018-08,50,28~90,良,13,38,5.0,15.0,0.41,90
青岛,2018-09,65,43~98,良,18,48,6.0,30.0,0.56,112
青岛,2018-10,64,36~96,良,22,62,7.0,38.0,0.584,99
青岛,2018-11,66,0~148,良,41,80,10.0,48.0,0.853,70
青岛,2018-12,82,40~202,良,50,104,12.0,47.0,0.942,44
青岛,2019-01,113,54~283,轻度污染,81,138,17.0,61.0,1.332,45
青岛,2019-02,103,29~242,轻度污染,71,113,12.0,40.0,1.046,72
青岛,2019-03,79,42~178,良,46,92,10.0,41.0,0.745,98
青岛,2019-04,66,42~149,良,28,69,6.0,29.0,0.567,107
青岛,2019-05,87,48~177,良,27,72,7.0,31.0,0.516,139
青岛,2019-06,69,42~124,良,23,42,5.0,18.0,0.463,121
青岛,2019-07,71,24~155,良,26,47,4.0,20.0,0.526,123
青岛,2019-08,58,23~145,良,16,38,6.0,22.0,0.477,101
青岛,2019-09,78,44~177,良,22,54,6.0,31.0,0.507,129
青岛,2019-10,82,41~145,良,43,103,7.0,45.0,0.671,100
青岛,2019-11,68,34~108,良,32,84,8.0,40.0,0.583,69
青岛,2019-12,88,39~222,良,61,96,10.0,49.0,0.945,50
青岛,2020-01,104,35~250,轻度污染,76,106,12.0,46.0,1.077,59
青岛,2020-02,54,30~139,良,33,47,7.0,23.0,0.645,78
青岛,2020-03,61,45~97,良,28,67,7.0,31.0,0.565,92
青岛,2020-04,71,45~124,良,32,77,8.0,37.0,0.59,114
青岛,2020-05,67,43~106,良,22,51,6.0,24.0,0.503,117
青岛,2020-06,73,36~133,良,22,46,6.0,23.0,0.5,125
青岛,2020-07,61,24~136,良,15,29,5.0,21.0,0.426,110
青岛,2020-08,55,21~122,良,15,29,5.0,20.0,0.5,99
青岛,2020-09,75,44~182,良,20,47,7.0,36.0,0.54,126
青岛,2020-10,66,44~100,良,25,64,9.0,44.0,0.658,96
青岛,2020-11,61,28~113,良,30,68,9.0,41.0,0.623,69
青岛,2020-12,93,32~229,良,63,103,15.0,55.0,1.023,50
青岛,2021-01,91,38~188,良,49,83,12.0,46.0,1.029,55
青岛,2021-02,61,34~108,良,36,63,9.0,31.0,0.768,77
青岛,2021-03,102,36~500,轻度污染,31,61,8.0,39.0,0.635,91
青岛,2021-04,65,37~161,良,19,44,6.0,30.0,0.44,103
青岛,2021-05,79,32~213,良,17,43,6.0,24.0,0.439,120
青岛,2021-06,75,32~165,良,19,39,6.0,21.0,0.41,126
青岛,2021-07,54,27~119,良,13,24,6.0,13.0,0.368,99
青岛,2021-08,72,25~119,良,15,29,6.0,19.0,0.455,123
青岛,2021-09,67,30~120,良,13,27,5.0,19.0,0.47,119
青岛,2021-10,64,25~116,良,29,59,7.0,35.0,0.565,98
青岛,2021-11,68,30~124,良,37,76,9.0,40.0,0.7,82
青岛,2021-12,77,29~163,良,46,81,11.0,49.0,0.903,54
青岛,2022-01,73,40~168,良,50,75,10.0,43.0,0.913,62
青岛,2022-02,59,39~107,良,36,56,9.0,31.0,0.743,85
青岛,2022-03,61,35~168,良,27,55,7.0,29.0,0.6,96
青岛,2022-04,71,44~127,良,28,57,7.0,27.0,0.553,120
青岛,2022-05,84,44~148,良,23,51,8.0,26.0,0.506,139
青岛,2022-06,68,37~137,良,14,26,6.0,15.0,0.46,119
青岛,2022-07,69,26~137,良,16,28,6.0,17.0,0.474,119
青岛,2022-08,68,34~132,良,13,27,6.0,19.0,0.532,116
青岛,2022-09,73,33~126,良,13,33,6.0,23.0,0.5,125
青岛,2022-10,58,34~96,良,20,45,7.0,31.0,0.519,102
青岛,2022-11,59,32~132,良,28,57,8.0,33.0,0.65,84
青岛,2022-12,77,35~198,良,44,95,13.0,45.0,0.9,56
青岛,2023-01,79,36~172,良,46,93,11.0,32.0,0.794,69
青岛,2023-02,63,36~143,良,38,68,9.0,35.0,0.714,84
青岛,2023-03,83,46~189,良,43,110,9.0,36.0,0.632,108
青岛,2023-04,94,54~390,良,30,103,7.0,29.0,0.543,116
青岛,2023-05,91,31~342,良,26,67,7.0,25.0,0.516,133
青岛,2023-06,91,50~193,良,19,36,7.0,18.0,0.513,147
青岛,2023-07,71,21~148,良,15,29,6.0,16.0,0.523,120
青岛,2023-08,76,29~134,良,15,29,6.0,19.0,0.558,128
青岛,2023-09,73,45~125,良,18,36,7.0,25.0,0.55,127
青岛,2023-10,77,36~127,良,25,58,8.0,36.0,0.648,126
青岛,2023-11,65,31~138,良,33,69,8.0,33.0,0.643,76
青岛,2023-12,81,25~203,良,54,91,11.0,45.0,0.887,35
青岛,2024-01,78,34~165,良,53,83,10.0,45.0,0.977,60
青岛,2024-02,76,32~298,良,50,74,9.0,25.0,0.834,85
青岛,2024-03,69,44~125,良,35,83,7.0,30.0,0.723,96
青岛,2024-04,67,41~121,良,22,57,7.0,25.0,0.583,113
青岛,2024-05,77,34~145,良,22,52,8.0,23.0,0.519,126
青岛,2024-06,77,37~172,良,14,32,8.0,17.0,0.5,131
青岛,2024-07,69,28~140,良,15,27,8.0,17.0,0.587,120
青岛,2024-08,77,34~154,良,15,33,8.0,16.0,0.642,129
青岛,2024-09,70,26~136,良,11,27,8.0,18.0,0.543,121
青岛,2024-10,64,38~100,良,23,47,9.0,31.0,0.645,113
青岛,2024-11,69,69~69,良,46,87,9.0,44.0,0.8,113
